<?xml version="1.0" encoding="UTF-8"?>
<project-private xmlns="http://www.netbeans.org/ns/project-private/1">
    <editor-bookmarks xmlns="http://www.netbeans.org/ns/editor-bookmarks/2" lastBookmarkId="0"/>
    <open-files xmlns="http://www.netbeans.org/ns/projectui-open-files/2">
        <group>
            <file>file:/home/HUC/NetBeansProjects/SlickExample/src/slickexample/Camera.java</file>
            <file>file:/home/HUC/NetBeansProjects/SlickExample/src/slickexample/win.java</file>
            <file>file:/home/HUC/NetBeansProjects/SlickExample/src/slickexample/Main.java</file>
            <file>file:/home/HUC/NetBeansProjects/SlickExample/src/slickexample/Unwavering2.java</file>
            <file>file:/home/HUC/NetBeansProjects/SlickExample/src/slickexample/win2.java</file>
            <file>file:/home/HUC/NetBeansProjects/SlickExample/src/slickexample/Menu.java</file>
            <file>file:/home/HUC/NetBeansProjects/SlickExample/src/slickexample/Unwavering.java</file>
            <file>file:/home/HUC/NetBeansProjects/SlickExample/src/slickexample/Unwavering3.java</file>
        </group>
    </open-files>
</project-private>
